ID,game_ID,player_ID,inning,plateAppearanceInGame,outcome_code,runsScored,rbis,firstPitchSwing,pitchesSeen,hardContact
"7a427af6-a828-4d90-b592-1563684c3785","df77ff1d-2380-4fb7-a8bf-8316cb8d1203","dabe745e-5cf0-4738-915e-3ac125dec269",1,1,"K",0,0,"false",1,"false"
"7152307e-af56-49e6-94dd-a1c1410b99df","df77ff1d-2380-4fb7-a8bf-8316cb8d1203","55f12045-d7fc-4a0f-824b-95e8b8ddc0b7",1,2,"BB",0,0,"false",1,"false"
"47606526-c663-4621-8968-9012ce83b2f4","df77ff1d-2380-4fb7-a8bf-8316cb8d1203","88d4a086-36ee-4724-80c6-1d89d576e875",1,3,"K",0,0,"false",1,"false"
"761e0e84-10eb-49c5-a552-c7aae5160a5b","df77ff1d-2380-4fb7-a8bf-8316cb8d1203","c3d7614c-0a42-415c-8055-f1f46f1577ad",1,4,"K",0,0,"false",1,"false"
"b6a10070-9979-439f-9593-9d114b389114","df77ff1d-2380-4fb7-a8bf-8316cb8d1203","60449151-ce4f-42f4-a0da-6e3ce3fc8253",2,5,"S",0,0,"false",1,"false"
"856c3a63-f0eb-4df7-a630-1b8c0882da89","df77ff1d-2380-4fb7-a8bf-8316cb8d1203","7e6bfd1a-164f-4266-ad06-4f68294aaede",2,6,"K",0,0,"false",1,"false"
"2ce0cbf7-e38e-48be-adc8-becba74fdeec","df77ff1d-2380-4fb7-a8bf-8316cb8d1203","b6b5e8a5-95bd-495c-8af2-e481fa22d8f4",2,7,"BB",0,0,"false",1,"false"
"4011fc5b-5f01-41e3-9553-95fd0ce8c862","df77ff1d-2380-4fb7-a8bf-8316cb8d1203","604162f0-41a5-41d4-bb78-a9b0a2c1bc19",2,8,"OUT",0,0,"false",1,"false"
"16745d47-c69a-423a-b476-9e05460d79d4","df77ff1d-2380-4fb7-a8bf-8316cb8d1203","def89156-47ec-42b2-9814-ab47819fe33d",2,9,"K",0,0,"false",1,"false"
"917e0342-f0a0-4070-9785-a2d8d7b979fc","df77ff1d-2380-4fb7-a8bf-8316cb8d1203","dabe745e-5cf0-4738-915e-3ac125dec269",3,1,"BB",0,0,"false",1,"false"
"7dfae864-7108-4769-be47-5dd70004f08b","df77ff1d-2380-4fb7-a8bf-8316cb8d1203","55f12045-d7fc-4a0f-824b-95e8b8ddc0b7",3,2,"BB",0,0,"false",1,"false"
"7c5366f5-6ecd-4c15-8de5-efc60cdb8424","df77ff1d-2380-4fb7-a8bf-8316cb8d1203","c8e579c1-5c17-4811-a7c6-2504630d22d6",3,3,"K",0,0,"false",1,"false"
"ea1ee1ea-5c13-4937-b5d3-a5a1844ce7a4","df77ff1d-2380-4fb7-a8bf-8316cb8d1203","c3d7614c-0a42-415c-8055-f1f46f1577ad",3,4,"OUT",0,0,"false",1,"false"
"494313ac-6cc6-4ce3-8c52-7a7a4de5c1db","df77ff1d-2380-4fb7-a8bf-8316cb8d1203","60449151-ce4f-42f4-a0da-6e3ce3fc8253",3,5,"HBP",0,0,"false",1,"false"
"852c5aa1-a451-4c26-a80e-f13143a91588","df77ff1d-2380-4fb7-a8bf-8316cb8d1203","7e6bfd1a-164f-4266-ad06-4f68294aaede",3,6,"K",0,0,"false",1,"false"
"697055e2-1ae6-42a3-bf09-3b52c4b2065a","df77ff1d-2380-4fb7-a8bf-8316cb8d1203","b6b5e8a5-95bd-495c-8af2-e481fa22d8f4",4,7,"S",0,0,"false",1,"false"
"42a965b1-277c-4e87-9d3a-5fec30b42268","df77ff1d-2380-4fb7-a8bf-8316cb8d1203","604162f0-41a5-41d4-bb78-a9b0a2c1bc19",4,8,"BB",0,0,"false",1,"false"
"0586b4eb-7028-4765-b1e3-662e69444719","df77ff1d-2380-4fb7-a8bf-8316cb8d1203","b6466032-b94f-42ef-a35b-6bfc334dc1d5",4,9,"D",0,0,"false",1,"false"
"6853efb4-1ac1-46cc-a4de-887435ed8b96","df77ff1d-2380-4fb7-a8bf-8316cb8d1203","dabe745e-5cf0-4738-915e-3ac125dec269",4,1,"HBP",0,0,"false",1,"false"
"eb77eb9f-76b3-4cb7-b455-4d7c2a3fa73d","df77ff1d-2380-4fb7-a8bf-8316cb8d1203","55f12045-d7fc-4a0f-824b-95e8b8ddc0b7",4,2,"K",0,0,"false",1,"false"
"e77817ac-9198-46d8-8b6a-73cddb0eac11","df77ff1d-2380-4fb7-a8bf-8316cb8d1203","c8e579c1-5c17-4811-a7c6-2504630d22d6",4,3,"S",0,0,"false",1,"false"
"e9e628ca-176a-4af3-a910-3557584272ed","df77ff1d-2380-4fb7-a8bf-8316cb8d1203","c3d7614c-0a42-415c-8055-f1f46f1577ad",4,4,"D",0,0,"false",1,"false"
"d9d23be7-946f-46c8-b610-1100b7d23d66","df77ff1d-2380-4fb7-a8bf-8316cb8d1203","60449151-ce4f-42f4-a0da-6e3ce3fc8253",4,5,"HBP",0,0,"false",1,"false"
"50349171-093c-4ec0-bac3-cdfc7534c289","34c71b52-6421-4b9a-8ebe-7ba43db85c2a","dabe745e-5cf0-4738-915e-3ac125dec269",1,1,"OUT",0,0,"true",4,"true"
"502c09d0-0932-4c26-8a25-cb0c9e1abe06","34c71b52-6421-4b9a-8ebe-7ba43db85c2a","55f12045-d7fc-4a0f-824b-95e8b8ddc0b7",1,2,"K",0,0,"true",5,"true"
"63bda15d-caa5-4245-bdf7-48627534c88f","34c71b52-6421-4b9a-8ebe-7ba43db85c2a","c3d7614c-0a42-415c-8055-f1f46f1577ad",1,3,"OUT",0,0,"true",4,"true"
"5efe1e31-3b5d-430c-b7b9-7f37d706720d","34c71b52-6421-4b9a-8ebe-7ba43db85c2a","88d4a086-36ee-4724-80c6-1d89d576e875",2,4,"OUT",0,0,"true",3,"true"
"d7018164-f948-4018-a667-a83468f9c8e5","34c71b52-6421-4b9a-8ebe-7ba43db85c2a","60449151-ce4f-42f4-a0da-6e3ce3fc8253",2,5,"OUT",0,0,"true",2,"true"
"1a04561d-0302-464a-8399-9372e332697b","34c71b52-6421-4b9a-8ebe-7ba43db85c2a","b6466032-b94f-42ef-a35b-6bfc334dc1d5",2,6,"S",0,0,"true",6,"true"
"2ea9a299-9c41-423a-8c1f-eefdcd5745ea","34c71b52-6421-4b9a-8ebe-7ba43db85c2a","7e6bfd1a-164f-4266-ad06-4f68294aaede",2,7,"K",0,0,"true",5,"true"
"9bb0bf89-8467-458d-be3b-ce5d9b6d5f2f","34c71b52-6421-4b9a-8ebe-7ba43db85c2a","b6b5e8a5-95bd-495c-8af2-e481fa22d8f4",3,8,"ROE",0,0,"true",5,"true"
"a5fac1af-7289-4bff-a816-78eda4c73266","34c71b52-6421-4b9a-8ebe-7ba43db85c2a","def89156-47ec-42b2-9814-ab47819fe33d",3,9,"OUT",0,0,"true",6,"true"
"2efa158f-ce7f-4bd4-938b-7a2c4816f72c","34c71b52-6421-4b9a-8ebe-7ba43db85c2a","c8e579c1-5c17-4811-a7c6-2504630d22d6",3,1,"S",0,0,"true",3,"true"
"3e914352-50ff-4ae7-af51-adca2b7c485f","34c71b52-6421-4b9a-8ebe-7ba43db85c2a","55f12045-d7fc-4a0f-824b-95e8b8ddc0b7",3,2,"OUT",0,0,"true",3,"true"
"10000fe6-5934-4b1c-bb97-087d8c8b9fda","34c71b52-6421-4b9a-8ebe-7ba43db85c2a","c3d7614c-0a42-415c-8055-f1f46f1577ad",3,3,"D",0,2,"true",5,"true"
"1f6ba343-9712-487b-b13a-d0f8ea7e2c19","34c71b52-6421-4b9a-8ebe-7ba43db85c2a","88d4a086-36ee-4724-80c6-1d89d576e875",3,4,"OUT",0,0,"true",3,"true"
"bb98ad7b-a97b-44ff-901d-d8961b01ba5e","34c71b52-6421-4b9a-8ebe-7ba43db85c2a","60449151-ce4f-42f4-a0da-6e3ce3fc8253",4,5,"K",0,0,"true",6,"true"
"9c2610dc-d403-43e0-a371-775ba81df0e2","34c71b52-6421-4b9a-8ebe-7ba43db85c2a","b6466032-b94f-42ef-a35b-6bfc334dc1d5",4,6,"K",0,0,"true",5,"true"
"2fce9077-2b53-410a-a189-a1f1d17341bf","34c71b52-6421-4b9a-8ebe-7ba43db85c2a","d2a0ab6a-ecff-4d62-bfd2-c684e568a035",4,7,"BB",0,0,"true",7,"true"
"d7589523-c0f9-4387-8a92-aa977ff22b77","34c71b52-6421-4b9a-8ebe-7ba43db85c2a","604162f0-41a5-41d4-bb78-a9b0a2c1bc19",4,8,"D",0,1,"true",5,"true"
"55efc42e-1dc7-4a0a-8c31-8ae48564d59e","34c71b52-6421-4b9a-8ebe-7ba43db85c2a","def89156-47ec-42b2-9814-ab47819fe33d",4,9,"D",0,1,"true",6,"true"
"ac3df4a4-f588-4abe-a533-c9722ffbc175","34c71b52-6421-4b9a-8ebe-7ba43db85c2a","c8e579c1-5c17-4811-a7c6-2504630d22d6",4,1,"D",0,1,"true",2,"true"
"b56f505f-4320-47bb-8bcf-6c26b2ade766","34c71b52-6421-4b9a-8ebe-7ba43db85c2a","55f12045-d7fc-4a0f-824b-95e8b8ddc0b7",4,2,"D",0,1,"true",3,"true"
"2e23375f-efcd-4ff0-8843-1661ff233ffa","34c71b52-6421-4b9a-8ebe-7ba43db85c2a","c3d7614c-0a42-415c-8055-f1f46f1577ad",4,3,"T",0,1,"true",3,"true"
"05abf4fe-a1de-417c-914c-33598670eede","34c71b52-6421-4b9a-8ebe-7ba43db85c2a","88d4a086-36ee-4724-80c6-1d89d576e875",4,4,"OUT",0,0,"true",3,"true"
"94412eb3-d1c1-4ecc-8bda-5950d61e74e1","34c71b52-6421-4b9a-8ebe-7ba43db85c2a","60449151-ce4f-42f4-a0da-6e3ce3fc8253",5,5,"BB",0,0,"true",5,"true"
"92117ea7-1678-4ca5-8cc1-87f856b2c8d8","34c71b52-6421-4b9a-8ebe-7ba43db85c2a","b6466032-b94f-42ef-a35b-6bfc334dc1d5",5,6,"BB",0,0,"true",4,"true"
"e3a64cb7-53ad-410a-839b-22832800a5c0","34c71b52-6421-4b9a-8ebe-7ba43db85c2a","d2a0ab6a-ecff-4d62-bfd2-c684e568a035",5,7,"BB",0,0,"true",4,"true"
"063f7c6d-806a-49e9-915c-0c4fb21fbbe8","34c71b52-6421-4b9a-8ebe-7ba43db85c2a","604162f0-41a5-41d4-bb78-a9b0a2c1bc19",5,8,"FC",0,2,"true",4,"true"
"37f08e70-0911-41f7-837e-98735bb1505e","34c71b52-6421-4b9a-8ebe-7ba43db85c2a","b6b5e8a5-95bd-495c-8af2-e481fa22d8f4",5,9,"FC",0,0,"true",3,"true"
"8d64f2fc-dce6-45fa-8bf4-20207cf24315","34c71b52-6421-4b9a-8ebe-7ba43db85c2a","c8e579c1-5c17-4811-a7c6-2504630d22d6",5,1,"OUT",0,0,"true",1,"true"
"39a4a60a-c36b-4119-b1fc-c3470a3c64c6","4ac602d8-2086-4ad2-be16-326eba2757d6","dabe745e-5cf0-4738-915e-3ac125dec269",1,1,"OUT",0,0,"true",4,"true"
"148d322d-3113-46dd-91c2-ac0342124ae7","4ac602d8-2086-4ad2-be16-326eba2757d6","55f12045-d7fc-4a0f-824b-95e8b8ddc0b7",1,2,"K",0,0,"true",5,"true"
"e78b2884-0f19-4a8e-8b7e-d2fe55dac910","4ac602d8-2086-4ad2-be16-326eba2757d6","c3d7614c-0a42-415c-8055-f1f46f1577ad",1,3,"OUT",0,0,"true",4,"true"
"d39f6938-1800-4842-8927-bb3f71f60f29","4ac602d8-2086-4ad2-be16-326eba2757d6","88d4a086-36ee-4724-80c6-1d89d576e875",2,4,"OUT",0,0,"true",3,"true"
"9f30a20c-2c81-41c3-a62b-6378c1b935da","4ac602d8-2086-4ad2-be16-326eba2757d6","60449151-ce4f-42f4-a0da-6e3ce3fc8253",2,5,"OUT",0,0,"true",2,"true"
"86bf6b10-0946-480b-bb2a-271e0b6b8235","4ac602d8-2086-4ad2-be16-326eba2757d6","b6466032-b94f-42ef-a35b-6bfc334dc1d5",2,6,"S",0,0,"true",6,"true"
"a80efdc8-b1dc-4208-94d1-18114383681e","4ac602d8-2086-4ad2-be16-326eba2757d6","7e6bfd1a-164f-4266-ad06-4f68294aaede",2,7,"K",0,0,"true",5,"true"
"9fa262c0-6830-4770-b853-1787ab7bde17","4ac602d8-2086-4ad2-be16-326eba2757d6","b6b5e8a5-95bd-495c-8af2-e481fa22d8f4",3,8,"ROE",0,0,"true",5,"true"
"16ce4c7f-0bf7-4d73-8d11-17ccf7d3e398","4ac602d8-2086-4ad2-be16-326eba2757d6","def89156-47ec-42b2-9814-ab47819fe33d",3,9,"OUT",0,0,"true",6,"true"
"c65c9855-2193-40f3-b0cc-6426111a2ec6","4ac602d8-2086-4ad2-be16-326eba2757d6","c8e579c1-5c17-4811-a7c6-2504630d22d6",3,1,"S",0,0,"true",3,"true"
"ad875b3d-38ea-4b2f-a0e0-a27302879524","4ac602d8-2086-4ad2-be16-326eba2757d6","55f12045-d7fc-4a0f-824b-95e8b8ddc0b7",3,2,"OUT",0,0,"true",3,"true"
"fa38ce3f-ae72-4596-9eda-0743a166e612","4ac602d8-2086-4ad2-be16-326eba2757d6","c3d7614c-0a42-415c-8055-f1f46f1577ad",3,3,"D",0,2,"true",5,"true"
"5db311ac-9b01-4c1e-9a70-607bc9cab456","4ac602d8-2086-4ad2-be16-326eba2757d6","88d4a086-36ee-4724-80c6-1d89d576e875",3,4,"OUT",0,0,"true",3,"true"
"59b46abb-ef4f-414c-be62-d1774a15fade","4ac602d8-2086-4ad2-be16-326eba2757d6","60449151-ce4f-42f4-a0da-6e3ce3fc8253",4,5,"K",0,0,"true",6,"true"
"e29916e7-9250-4194-9973-fb3ce09b0b19","4ac602d8-2086-4ad2-be16-326eba2757d6","b6466032-b94f-42ef-a35b-6bfc334dc1d5",4,6,"K",0,0,"true",5,"true"
"568668d1-6727-42a3-a9ed-bc31966be4c7","4ac602d8-2086-4ad2-be16-326eba2757d6","d2a0ab6a-ecff-4d62-bfd2-c684e568a035",4,7,"BB",0,0,"true",7,"true"
"665842d9-6faf-4c6e-a48b-5dbc228e8a4e","4ac602d8-2086-4ad2-be16-326eba2757d6","604162f0-41a5-41d4-bb78-a9b0a2c1bc19",4,8,"D",0,1,"true",5,"true"
"27e81ae2-c443-4a89-9bd5-b59ca56c76d0","4ac602d8-2086-4ad2-be16-326eba2757d6","def89156-47ec-42b2-9814-ab47819fe33d",4,9,"D",0,1,"true",6,"true"
"cc22bc5b-bab2-4ee8-b739-a49a90f6122e","4ac602d8-2086-4ad2-be16-326eba2757d6","c8e579c1-5c17-4811-a7c6-2504630d22d6",4,1,"D",0,1,"true",2,"true"
"a8f2b539-1703-409e-b172-057006f9e2f5","4ac602d8-2086-4ad2-be16-326eba2757d6","55f12045-d7fc-4a0f-824b-95e8b8ddc0b7",4,2,"D",0,1,"true",3,"true"
"13525d28-631d-457f-a190-26c229645319","4ac602d8-2086-4ad2-be16-326eba2757d6","c3d7614c-0a42-415c-8055-f1f46f1577ad",4,3,"T",0,1,"true",3,"true"
"6e15d4f8-6152-43f8-8798-ec5515b08598","4ac602d8-2086-4ad2-be16-326eba2757d6","88d4a086-36ee-4724-80c6-1d89d576e875",4,4,"OUT",0,0,"true",3,"true"
"a1f251a5-0546-4382-a859-d44dccfd9cac","4ac602d8-2086-4ad2-be16-326eba2757d6","60449151-ce4f-42f4-a0da-6e3ce3fc8253",5,5,"BB",0,0,"true",5,"true"
"f0e70ae1-975a-478b-834e-db3709162451","4ac602d8-2086-4ad2-be16-326eba2757d6","b6466032-b94f-42ef-a35b-6bfc334dc1d5",5,6,"BB",0,0,"true",4,"true"
"5c7d6e51-7da8-4b28-a04c-8e99d5c3f08e","4ac602d8-2086-4ad2-be16-326eba2757d6","d2a0ab6a-ecff-4d62-bfd2-c684e568a035",5,7,"BB",0,0,"true",4,"true"
"a6d02b56-9160-46ce-b3c1-cf11abbd4397","4ac602d8-2086-4ad2-be16-326eba2757d6","604162f0-41a5-41d4-bb78-a9b0a2c1bc19",5,8,"FC",0,2,"true",4,"true"
"33b2fc1d-b945-478b-a6c9-52155268143d","4ac602d8-2086-4ad2-be16-326eba2757d6","b6b5e8a5-95bd-495c-8af2-e481fa22d8f4",5,9,"FC",0,0,"true",3,"true"
"edd8ccb3-c996-4050-b378-321e9abb26a9","4ac602d8-2086-4ad2-be16-326eba2757d6","c8e579c1-5c17-4811-a7c6-2504630d22d6",5,1,"OUT",0,0,"true",1,"true"
"8d39e6a6-8793-463a-be17-578a63541be8","6d8b7108-7b84-4a9b-a587-315bead8bccc","dabe745e-5cf0-4738-915e-3ac125dec269",1,1,"S",1,0,"true",2,"true"
"48b7fb83-45bf-460a-9292-f3f62c5b3923","6d8b7108-7b84-4a9b-a587-315bead8bccc","55f12045-d7fc-4a0f-824b-95e8b8ddc0b7",1,2,"OUT",0,0,"true",4,"true"
"81f8105f-6111-46f8-9cd5-9dc696a5d7ee","6d8b7108-7b84-4a9b-a587-315bead8bccc","c3d7614c-0a42-415c-8055-f1f46f1577ad",1,3,"D",1,1,"true",3,"true"
"5b815c3c-4f41-4ae2-a925-570371bcbe47","6d8b7108-7b84-4a9b-a587-315bead8bccc","88d4a086-36ee-4724-80c6-1d89d576e875",1,4,"BB",1,0,"true",5,"true"
"43e0db3d-3653-4b3b-a121-2c5f8f28b481","6d8b7108-7b84-4a9b-a587-315bead8bccc","b6466032-b94f-42ef-a35b-6bfc334dc1d5",1,5,"BB",1,0,"true",4,"true"
"a034339a-1d54-4b7f-ae11-88348d011508","6d8b7108-7b84-4a9b-a587-315bead8bccc","60449151-ce4f-42f4-a0da-6e3ce3fc8253",1,6,"D",0,3,"true",5,"true"
"d0c18c88-ddb7-43a7-ad10-4bcbc6ac66a3","6d8b7108-7b84-4a9b-a587-315bead8bccc","604162f0-41a5-41d4-bb78-a9b0a2c1bc19",1,7,"ROE",0,1,"true",4,"true"
"3c6a4702-3fdd-40fe-87dd-02232402d291","6d8b7108-7b84-4a9b-a587-315bead8bccc","c8e579c1-5c17-4811-a7c6-2504630d22d6",1,8,"BB",0,0,"true",4,"true"
"ee49f400-5bba-48cc-8a7d-2ae7051e969c","6d8b7108-7b84-4a9b-a587-315bead8bccc","7e6bfd1a-164f-4266-ad06-4f68294aaede",1,9,"K",0,0,"true",3,"true"
"d0bcb98e-5ebf-4e2c-a172-7b80aa09f621","6d8b7108-7b84-4a9b-a587-315bead8bccc","b6b5e8a5-95bd-495c-8af2-e481fa22d8f4",2,10,"ROE",1,0,"true",2,"true"
"5bc6bf21-bea1-45db-9dcf-ce402f8aa103","6d8b7108-7b84-4a9b-a587-315bead8bccc","dabe745e-5cf0-4738-915e-3ac125dec269",2,1,"OUT",0,0,"true",4,"true"
"bdbf0b26-097a-4fcb-8e4b-216d71982a72","6d8b7108-7b84-4a9b-a587-315bead8bccc","55f12045-d7fc-4a0f-824b-95e8b8ddc0b7",2,2,"OUT",0,0,"true",4,"true"
"e39bb9da-7f09-4003-a927-df8cfa7c1390","6d8b7108-7b84-4a9b-a587-315bead8bccc","c3d7614c-0a42-415c-8055-f1f46f1577ad",2,3,"K",0,0,"true",3,"true"
"dbff4ba7-da2e-4ddc-ae1b-8484c1ef4829","6d8b7108-7b84-4a9b-a587-315bead8bccc","88d4a086-36ee-4724-80c6-1d89d576e875",3,4,"BB",0,0,"true",5,"true"
"73385462-5442-48d5-b4cb-39fcec6de851","6d8b7108-7b84-4a9b-a587-315bead8bccc","b6466032-b94f-42ef-a35b-6bfc334dc1d5",3,5,"BB",0,0,"true",4,"true"
"e610c6e6-d8c6-41e7-a5e5-12bb8a2a083c","6d8b7108-7b84-4a9b-a587-315bead8bccc","60449151-ce4f-42f4-a0da-6e3ce3fc8253",3,6,"K",0,0,"true",6,"true"
"58e3e715-e919-4b94-9988-e3ebe70d6c33","6d8b7108-7b84-4a9b-a587-315bead8bccc","d2a0ab6a-ecff-4d62-bfd2-c684e568a035",3,7,"K",0,0,"true",4,"true"
"704a85e1-c054-42f3-a09b-d5576753b07d","6d8b7108-7b84-4a9b-a587-315bead8bccc","def89156-47ec-42b2-9814-ab47819fe33d",4,8,"K",0,0,"true",5,"true"
"000ea802-b8ae-470f-9ad9-09309756d2d0","6d8b7108-7b84-4a9b-a587-315bead8bccc","7e6bfd1a-164f-4266-ad06-4f68294aaede",4,9,"K",0,0,"true",6,"true"
"af897956-1bdc-403e-86d8-615843e4ec50","6d8b7108-7b84-4a9b-a587-315bead8bccc","b6b5e8a5-95bd-495c-8af2-e481fa22d8f4",4,10,"HBP",0,0,"true",3,"true"
"cc6ad883-e807-4fc7-a19a-e52a1bc0be39","6d8b7108-7b84-4a9b-a587-315bead8bccc","dabe745e-5cf0-4738-915e-3ac125dec269",4,1,"K",0,0,"true",2,"true"
"72f59944-8492-43f8-a822-1213bec075c6","c548fbaa-424f-41e0-8293-864e3d530adf","c8e579c1-5c17-4811-a7c6-2504630d22d6",1,1,"K",0,0,"true",3,"true"
"dac1ddf9-95b6-4596-8b37-ca1c7d251927","c548fbaa-424f-41e0-8293-864e3d530adf","55f12045-d7fc-4a0f-824b-95e8b8ddc0b7",1,2,"HR",1,1,"true",2,"true"
"efc784c6-c13e-419d-b3e8-53300c6745f8","c548fbaa-424f-41e0-8293-864e3d530adf","c3d7614c-0a42-415c-8055-f1f46f1577ad",1,3,"ROE",1,0,"true",4,"true"
"8bbc411e-5cf3-423c-bd89-cfa37a59bbd0","c548fbaa-424f-41e0-8293-864e3d530adf","88d4a086-36ee-4724-80c6-1d89d576e875",1,4,"K",0,0,"true",4,"true"
"3410871c-52e1-4918-b35b-92d4b3cc5917","c548fbaa-424f-41e0-8293-864e3d530adf","604162f0-41a5-41d4-bb78-a9b0a2c1bc19",1,5,"OUT",0,0,"true",5,"true"
"c9e6cde8-c340-45bf-9f7e-1fbb51e5e992","c548fbaa-424f-41e0-8293-864e3d530adf","7e6bfd1a-164f-4266-ad06-4f68294aaede",2,6,"K",0,0,"true",6,"true"
"b3ed4380-fceb-4025-a2c6-b8ae323eaa32","c548fbaa-424f-41e0-8293-864e3d530adf","d2a0ab6a-ecff-4d62-bfd2-c684e568a035",2,7,"K",0,0,"true",3,"true"
"9d9cbb58-bd6a-4046-bfef-02198365736d","c548fbaa-424f-41e0-8293-864e3d530adf","dabe745e-5cf0-4738-915e-3ac125dec269",2,8,"K",0,0,"true",3,"true"
"ab79ccb5-f973-4946-a1f4-8fcedfbb4fa8","c548fbaa-424f-41e0-8293-864e3d530adf","def89156-47ec-42b2-9814-ab47819fe33d",3,9,"OUT",0,0,"true",4,"true"
"75aff144-1f41-4fba-8e4a-7b089f58dc5e","c548fbaa-424f-41e0-8293-864e3d530adf","c8e579c1-5c17-4811-a7c6-2504630d22d6",3,1,"K",0,0,"true",6,"true"
"6ee6cf39-21fa-4a6d-9284-a2f30ff3ec1e","c548fbaa-424f-41e0-8293-864e3d530adf","55f12045-d7fc-4a0f-824b-95e8b8ddc0b7",3,2,"OUT",0,0,"true",1,"true"
"17de0c5e-0a78-42e7-96c3-6efec5cbe7ba","c548fbaa-424f-41e0-8293-864e3d530adf","c3d7614c-0a42-415c-8055-f1f46f1577ad",4,3,"K",0,0,"true",3,"true"
"1127647d-fcae-4568-b550-3ef1d9431dec","c548fbaa-424f-41e0-8293-864e3d530adf","88d4a086-36ee-4724-80c6-1d89d576e875",4,4,"BB",1,0,"true",5,"true"
"7f0a7191-dcd8-4f6f-aeff-0d5a5e699cf6","c548fbaa-424f-41e0-8293-864e3d530adf","604162f0-41a5-41d4-bb78-a9b0a2c1bc19",4,5,"D",0,1,"true",3,"true"
"94a83ac1-d070-42d7-9e00-bf5221958108","c548fbaa-424f-41e0-8293-864e3d530adf","7e6bfd1a-164f-4266-ad06-4f68294aaede",4,6,"K",0,0,"true",5,"true"
"e4a5c4a5-c961-4970-97b3-dd6415d3d419","c548fbaa-424f-41e0-8293-864e3d530adf","60449151-ce4f-42f4-a0da-6e3ce3fc8253",4,7,"K",0,0,"true",4,"true"
"6db14b87-2dc0-4118-8d7a-f3a40f1308d1","c548fbaa-424f-41e0-8293-864e3d530adf","b6466032-b94f-42ef-a35b-6bfc334dc1d5",5,8,"BB",1,0,"true",4,"true"
"dfff947a-bbdc-4895-8298-7864fcaee0f0","c548fbaa-424f-41e0-8293-864e3d530adf","def89156-47ec-42b2-9814-ab47819fe33d",5,9,"OUT",0,0,"true",1,"true"
"9b4079d0-ca81-475f-8ed7-fdb30199e42c","c548fbaa-424f-41e0-8293-864e3d530adf","b6b5e8a5-95bd-495c-8af2-e481fa22d8f4",5,1,"BB",0,0,"true",5,"true"
"cb295242-8bba-4f32-9818-9a78934ee97b","c548fbaa-424f-41e0-8293-864e3d530adf","55f12045-d7fc-4a0f-824b-95e8b8ddc0b7",5,2,"OUT",0,0,"true",2,"true"
"04b3bba1-67ab-427d-8819-215e73b42cf1","c548fbaa-424f-41e0-8293-864e3d530adf","c3d7614c-0a42-415c-8055-f1f46f1577ad",5,3,"K",0,0,"true",6,"true"
"85eb6410-5208-4b05-8e6f-6b8c7218a8e2","c548fbaa-424f-41e0-8293-864e3d530adf","88d4a086-36ee-4724-80c6-1d89d576e875",5,4,"BB",0,0,"true",4,"true"
"96aed05d-794b-4f97-8cca-e3f5703f4d0e","c548fbaa-424f-41e0-8293-864e3d530adf","604162f0-41a5-41d4-bb78-a9b0a2c1bc19",5,5,"K",0,0,"true",3,"true"
"8b9be3c6-0c12-4b2a-82b7-98a657e690e1","c548fbaa-424f-41e0-8293-864e3d530adf","7e6bfd1a-164f-4266-ad06-4f68294aaede",6,6,"HBP",0,0,"true",2,"true"
"3f673dd6-73ad-4747-91a3-72aba8199b1b","c548fbaa-424f-41e0-8293-864e3d530adf","60449151-ce4f-42f4-a0da-6e3ce3fc8253",6,7,"K",0,0,"true",4,"true"
"d4862e81-9b75-4a9a-a5c5-12f80246317b","c548fbaa-424f-41e0-8293-864e3d530adf","b6466032-b94f-42ef-a35b-6bfc334dc1d5",6,8,"HBP",0,0,"true",3,"true"
"1954e2c1-b658-43c5-ad2f-2a5716392a0c","c548fbaa-424f-41e0-8293-864e3d530adf","def89156-47ec-42b2-9814-ab47819fe33d",6,9,"OUT",0,0,"true",5,"true"
"3b29b01e-49ef-4113-9941-8bb637de5419","c548fbaa-424f-41e0-8293-864e3d530adf","b6b5e8a5-95bd-495c-8af2-e481fa22d8f4",6,1,"OUT",0,0,"true",3,"true"