ID,game_ID,player_ID,positionPlayed_code,outsPlayed,involvedInPlays,completedPlays,errors,passedBalls,stolenBasesAllowed,caughtStealing,notes
"661d4ce2-d599-47c9-ab17-0dd73b62733d","df77ff1d-2380-4fb7-a8bf-8316cb8d1203","7e6bfd1a-164f-4266-ad06-4f68294aaede",2,0,0,0,0,0,3,0,""
"ef52c8b8-2064-47f5-b91e-906604cd0b55","df77ff1d-2380-4fb7-a8bf-8316cb8d1203","def89156-47ec-42b2-9814-ab47819fe33d",9,2,0,0,0,0,0,0,""
"1afeca5a-e10f-4077-b795-918ff66f66d9","df77ff1d-2380-4fb7-a8bf-8316cb8d1203","7e6bfd1a-164f-4266-ad06-4f68294aaede",2,4,0,0,0,0,0,0,""
"f181436f-c93e-4c0d-88c7-d9bb05ace647","df77ff1d-2380-4fb7-a8bf-8316cb8d1203","c8e579c1-5c17-4811-a7c6-2504630d22d6",7,4,0,0,0,0,0,0,""
"23287bde-5de1-4de4-bb91-d7b90c141e96","df77ff1d-2380-4fb7-a8bf-8316cb8d1203","60449151-ce4f-42f4-a0da-6e3ce3fc8253",5,4,0,0,0,0,0,0,""
"8583adda-36a2-4953-8739-a7fc72529ea2","df77ff1d-2380-4fb7-a8bf-8316cb8d1203","88d4a086-36ee-4724-80c6-1d89d576e875",1,2,0,0,0,0,0,0,""
"6f663336-fd71-424a-8436-8bc8b8d55532","df77ff1d-2380-4fb7-a8bf-8316cb8d1203","b6466032-b94f-42ef-a35b-6bfc334dc1d5",9,2,0,0,0,0,0,0,""
"42f3db3d-f131-4cb9-b6fb-9ee18e1fd1b6","df77ff1d-2380-4fb7-a8bf-8316cb8d1203","c3d7614c-0a42-415c-8055-f1f46f1577ad",8,3,0,0,0,0,0,0,""
"ba2c756e-bc76-4159-a14a-0caebb725f2a","df77ff1d-2380-4fb7-a8bf-8316cb8d1203","dabe745e-5cf0-4738-915e-3ac125dec269",4,3,0,0,0,0,0,0,""
"35652a7e-3ebc-4626-8f30-a3f73bcbab27","df77ff1d-2380-4fb7-a8bf-8316cb8d1203","55f12045-d7fc-4a0f-824b-95e8b8ddc0b7",6,4,0,0,0,0,0,0,""
"971e7979-21a6-4467-9d72-834bacaae154","df77ff1d-2380-4fb7-a8bf-8316cb8d1203","604162f0-41a5-41d4-bb78-a9b0a2c1bc19",1,4,0,0,0,0,0,0,""
"ae396ff9-3214-47f2-9620-f1a96dc1b82d","df77ff1d-2380-4fb7-a8bf-8316cb8d1203","b6b5e8a5-95bd-495c-8af2-e481fa22d8f4",4,2,0,0,0,0,0,0,""
"a25cf791-a013-4ef2-942b-d0c1c9742bf6","df77ff1d-2380-4fb7-a8bf-8316cb8d1203","c3d7614c-0a42-415c-8055-f1f46f1577ad",1,1,0,0,0,0,0,0,""
"e1040dcc-a29c-4899-ba4d-39211990e1af","df77ff1d-2380-4fb7-a8bf-8316cb8d1203","c8e579c1-5c17-4811-a7c6-2504630d22d6",8,1,0,0,0,0,0,0,""
"304c6841-bb7a-43f8-acf9-4c3a72d86d04","df77ff1d-2380-4fb7-a8bf-8316cb8d1203","b6b5e8a5-95bd-495c-8af2-e481fa22d8f4",7,2,0,0,0,0,0,0,""
"13d0d88a-1fe7-46f1-933d-5a895c80d2c7","df77ff1d-2380-4fb7-a8bf-8316cb8d1203","c8e579c1-5c17-4811-a7c6-2504630d22d6",1,1,0,0,0,0,0,0,""
"b3e80226-cead-46b1-aef0-55fc198a025d","df77ff1d-2380-4fb7-a8bf-8316cb8d1203","dabe745e-5cf0-4738-915e-3ac125dec269",1,1,0,0,0,0,0,0,""
"83550611-a8fb-4c4d-9623-9a43de3bdb77","34c71b52-6421-4b9a-8ebe-7ba43db85c2a","7e6bfd1a-164f-4266-ad06-4f68294aaede",2,0,0,0,0,0,7,0,""
"d8d1075a-af39-40db-8490-638c2ff74067","34c71b52-6421-4b9a-8ebe-7ba43db85c2a","d2a0ab6a-ecff-4d62-bfd2-c684e568a035",2,0,0,0,0,0,0,0,""
"d39df21f-ebd7-4211-a764-f9b952528eac","34c71b52-6421-4b9a-8ebe-7ba43db85c2a","dabe745e-5cf0-4738-915e-3ac125dec269",1,4,0,0,0,0,0,0,""
"8b7b8b9d-d764-42b9-91fd-625e92ea186c","34c71b52-6421-4b9a-8ebe-7ba43db85c2a","55f12045-d7fc-4a0f-824b-95e8b8ddc0b7",6,15,3,2,0,0,0,0,""
"9f1a7287-efc6-4f76-9157-ad1982897307","34c71b52-6421-4b9a-8ebe-7ba43db85c2a","c3d7614c-0a42-415c-8055-f1f46f1577ad",8,15,4,2,2,0,0,0,""
"755d5f0e-3c1d-4f34-b85e-de895256f91f","34c71b52-6421-4b9a-8ebe-7ba43db85c2a","88d4a086-36ee-4724-80c6-1d89d576e875",3,6,0,0,0,0,0,0,""
"2fe4a054-a5d4-421b-884a-d4bcc12fb8e6","34c71b52-6421-4b9a-8ebe-7ba43db85c2a","88d4a086-36ee-4724-80c6-1d89d576e875",1,9,0,0,0,0,0,0,""
"7b5e8107-31ad-469c-b204-5a93a520f581","34c71b52-6421-4b9a-8ebe-7ba43db85c2a","60449151-ce4f-42f4-a0da-6e3ce3fc8253",5,15,0,0,0,0,0,0,""
"c69e00b2-906c-45b9-afb1-6c43cfaf2a85","34c71b52-6421-4b9a-8ebe-7ba43db85c2a","b6466032-b94f-42ef-a35b-6bfc334dc1d5",4,15,3,3,0,0,0,0,""
"8d26df4c-f260-4ecd-903c-3b36244953e2","34c71b52-6421-4b9a-8ebe-7ba43db85c2a","7e6bfd1a-164f-4266-ad06-4f68294aaede",2,6,0,0,1,0,0,0,""
"ce838e5c-de51-4fb7-b374-4f71393acd1a","34c71b52-6421-4b9a-8ebe-7ba43db85c2a","b6b5e8a5-95bd-495c-8af2-e481fa22d8f4",7,15,2,2,0,0,0,0,""
"63b9f89c-65aa-4765-b20c-109856410167","34c71b52-6421-4b9a-8ebe-7ba43db85c2a","def89156-47ec-42b2-9814-ab47819fe33d",9,6,0,0,1,0,0,0,""
"e7ca0d64-8751-4ed5-bda6-53e32d91ee6c","34c71b52-6421-4b9a-8ebe-7ba43db85c2a","c8e579c1-5c17-4811-a7c6-2504630d22d6",1,2,0,0,0,0,0,0,""
"b5eb1f75-5628-4602-a2a8-cb566387f929","34c71b52-6421-4b9a-8ebe-7ba43db85c2a","c8e579c1-5c17-4811-a7c6-2504630d22d6",3,9,1,0,1,0,0,0,""
"444de0cf-2742-459e-ba79-5cbbff039908","34c71b52-6421-4b9a-8ebe-7ba43db85c2a","d2a0ab6a-ecff-4d62-bfd2-c684e568a035",2,9,0,0,0,0,0,0,""
"cd4fff58-d75f-471a-97e3-aae3ad7763ee","34c71b52-6421-4b9a-8ebe-7ba43db85c2a","604162f0-41a5-41d4-bb78-a9b0a2c1bc19",3,11,0,0,0,0,0,0,""
"35b10c0d-a8d3-4ced-8f80-df7f140093d8","4ac602d8-2086-4ad2-be16-326eba2757d6","7e6bfd1a-164f-4266-ad06-4f68294aaede",2,0,0,0,0,0,7,0,""
"01f1402a-8653-49a3-ba33-28a6b1730942","4ac602d8-2086-4ad2-be16-326eba2757d6","d2a0ab6a-ecff-4d62-bfd2-c684e568a035",2,0,0,0,0,0,0,0,""
"2d9cf1d5-94f5-4a12-95d9-f337349021e2","4ac602d8-2086-4ad2-be16-326eba2757d6","dabe745e-5cf0-4738-915e-3ac125dec269",1,4,0,0,0,0,0,0,""
"5bbc5f41-1672-46f5-8d59-dcdc0d3a29b4","4ac602d8-2086-4ad2-be16-326eba2757d6","55f12045-d7fc-4a0f-824b-95e8b8ddc0b7",6,15,3,2,0,0,0,0,""
"a5f96670-b8ba-4b7c-ac27-a844fbb27d5a","4ac602d8-2086-4ad2-be16-326eba2757d6","c3d7614c-0a42-415c-8055-f1f46f1577ad",8,15,4,2,2,0,0,0,""
"8a76547f-e144-4c98-b1fe-4b14ecff9452","4ac602d8-2086-4ad2-be16-326eba2757d6","88d4a086-36ee-4724-80c6-1d89d576e875",3,6,0,0,0,0,0,0,""
"729fe6cf-4f16-4148-8a1f-2487c1485297","4ac602d8-2086-4ad2-be16-326eba2757d6","88d4a086-36ee-4724-80c6-1d89d576e875",1,9,0,0,0,0,0,0,""
"d1bed76d-f2f2-4f63-a0bb-d6c953da5aa7","4ac602d8-2086-4ad2-be16-326eba2757d6","60449151-ce4f-42f4-a0da-6e3ce3fc8253",5,15,0,0,0,0,0,0,""
"3db3c70b-245a-4bb6-b764-7ba2de56cc24","4ac602d8-2086-4ad2-be16-326eba2757d6","b6466032-b94f-42ef-a35b-6bfc334dc1d5",4,15,3,3,0,0,0,0,""
"9f9ddd14-a7ef-4a81-a43e-ea0ca7f40e10","4ac602d8-2086-4ad2-be16-326eba2757d6","7e6bfd1a-164f-4266-ad06-4f68294aaede",2,6,0,0,1,0,0,0,""
"945b4f2f-1678-403a-94a7-25c4f3717085","4ac602d8-2086-4ad2-be16-326eba2757d6","b6b5e8a5-95bd-495c-8af2-e481fa22d8f4",7,15,2,2,0,0,0,0,""
"b5599327-434e-4b1a-aeff-972450b72087","4ac602d8-2086-4ad2-be16-326eba2757d6","def89156-47ec-42b2-9814-ab47819fe33d",9,6,0,0,1,0,0,0,""
"9b67d7d6-692c-47ab-9eec-6047c4cb5031","4ac602d8-2086-4ad2-be16-326eba2757d6","c8e579c1-5c17-4811-a7c6-2504630d22d6",1,2,0,0,0,0,0,0,""
"4ae3375d-e04d-4f1b-9033-8e7d8496a333","4ac602d8-2086-4ad2-be16-326eba2757d6","c8e579c1-5c17-4811-a7c6-2504630d22d6",3,9,1,0,1,0,0,0,""
"7ec8c493-6966-472e-899a-95ff85774d19","4ac602d8-2086-4ad2-be16-326eba2757d6","d2a0ab6a-ecff-4d62-bfd2-c684e568a035",2,9,0,0,0,0,0,0,""
"ba845c94-9296-4316-a4dc-99cfb390f687","4ac602d8-2086-4ad2-be16-326eba2757d6","604162f0-41a5-41d4-bb78-a9b0a2c1bc19",3,11,0,0,0,0,0,0,""
"66a59c51-eeb8-403d-9951-a0dc7066509b","6d8b7108-7b84-4a9b-a587-315bead8bccc","604162f0-41a5-41d4-bb78-a9b0a2c1bc19",2,0,0,0,0,0,5,0,""
"5a4885f4-a38d-4ae1-9289-83fd1df8d0c9","6d8b7108-7b84-4a9b-a587-315bead8bccc","d2a0ab6a-ecff-4d62-bfd2-c684e568a035",2,0,0,0,0,0,1,0,""
"427e427a-e4b3-4b5d-8716-c41f54c6d64b","6d8b7108-7b84-4a9b-a587-315bead8bccc","dabe745e-5cf0-4738-915e-3ac125dec269",7,0,0,0,0,0,0,0,""
"c96b0024-319f-4fa5-b839-2ceac95d4d89","6d8b7108-7b84-4a9b-a587-315bead8bccc","55f12045-d7fc-4a0f-824b-95e8b8ddc0b7",6,0,0,0,0,0,0,0,""
"9f6abeab-b5af-445b-a006-1b425460e97e","6d8b7108-7b84-4a9b-a587-315bead8bccc","c3d7614c-0a42-415c-8055-f1f46f1577ad",8,0,0,0,0,0,0,0,""
"1dd49837-e5af-476f-899d-0ff8f9f16460","6d8b7108-7b84-4a9b-a587-315bead8bccc","88d4a086-36ee-4724-80c6-1d89d576e875",5,0,0,0,0,0,0,0,""
"87c6fb73-414e-4f34-a545-0dbb851e7816","6d8b7108-7b84-4a9b-a587-315bead8bccc","b6466032-b94f-42ef-a35b-6bfc334dc1d5",4,0,0,0,0,0,0,0,""
"75722f1b-2b05-4d4b-a725-ac27cfa19a5c","6d8b7108-7b84-4a9b-a587-315bead8bccc","60449151-ce4f-42f4-a0da-6e3ce3fc8253","DH",0,0,0,0,0,0,0,""
"79c46f4e-fc13-499a-94b8-ed4535127c22","6d8b7108-7b84-4a9b-a587-315bead8bccc","604162f0-41a5-41d4-bb78-a9b0a2c1bc19",2,0,0,0,0,0,0,0,""
"afffb9d9-d87c-4789-ac23-b4b00daffc6f","6d8b7108-7b84-4a9b-a587-315bead8bccc","c8e579c1-5c17-4811-a7c6-2504630d22d6",1,0,0,0,0,0,0,0,""
"55b6f4e2-3061-4b8d-b95a-c7a0207adb74","6d8b7108-7b84-4a9b-a587-315bead8bccc","7e6bfd1a-164f-4266-ad06-4f68294aaede",3,0,0,0,0,0,0,0,""
"dc1dff6d-5899-4106-81ef-a68c869f2aba","6d8b7108-7b84-4a9b-a587-315bead8bccc","b6b5e8a5-95bd-495c-8af2-e481fa22d8f4",9,0,0,0,0,0,0,0,""
"90159c26-4894-4f12-b026-eeff6a7b73e8","6d8b7108-7b84-4a9b-a587-315bead8bccc","d2a0ab6a-ecff-4d62-bfd2-c684e568a035",2,0,0,0,0,0,0,0,""
"660d7f48-64ae-4ef3-a301-c81e4ad97044","6d8b7108-7b84-4a9b-a587-315bead8bccc","def89156-47ec-42b2-9814-ab47819fe33d",1,0,0,0,0,0,0,0,""
"9a7a6e21-46b0-4d77-a367-8d195a699f06","c548fbaa-424f-41e0-8293-864e3d530adf","7e6bfd1a-164f-4266-ad06-4f68294aaede",2,0,0,0,0,0,3,0,""
"2aac3941-b432-443d-bbd2-852a64b8be7d","c548fbaa-424f-41e0-8293-864e3d530adf","604162f0-41a5-41d4-bb78-a9b0a2c1bc19",2,0,0,0,0,0,1,0,""
"1f23f8c1-9a5a-47b3-a2d1-59765e9d1dd6","c548fbaa-424f-41e0-8293-864e3d530adf","c8e579c1-5c17-4811-a7c6-2504630d22d6",9,0,0,0,0,0,0,0,""
"3010c479-969d-4c2f-9fd3-aaac615b62a5","c548fbaa-424f-41e0-8293-864e3d530adf","55f12045-d7fc-4a0f-824b-95e8b8ddc0b7",6,0,0,0,0,0,0,0,""
"daabccbb-7789-4ff6-897b-2a1acd3fc708","c548fbaa-424f-41e0-8293-864e3d530adf","c3d7614c-0a42-415c-8055-f1f46f1577ad",8,0,0,0,0,0,0,0,""
"47aa2790-af7d-4148-97ec-f34602c3c6c1","c548fbaa-424f-41e0-8293-864e3d530adf","88d4a086-36ee-4724-80c6-1d89d576e875",5,0,0,0,0,0,0,0,""
"60cab1b4-b4a9-4132-9225-3fd6422e6929","c548fbaa-424f-41e0-8293-864e3d530adf","604162f0-41a5-41d4-bb78-a9b0a2c1bc19",3,0,0,0,0,0,0,0,""
"4205856e-3327-43dd-8429-5b06dffaafdb","c548fbaa-424f-41e0-8293-864e3d530adf","7e6bfd1a-164f-4266-ad06-4f68294aaede",2,0,0,0,0,0,0,0,""
"4d208e21-0267-4be6-83b7-2c4ac8afb2b2","c548fbaa-424f-41e0-8293-864e3d530adf","d2a0ab6a-ecff-4d62-bfd2-c684e568a035",1,0,0,0,0,0,0,0,""
"c7c8f532-70ad-44e3-b739-481d1b71121f","c548fbaa-424f-41e0-8293-864e3d530adf","dabe745e-5cf0-4738-915e-3ac125dec269",4,0,0,0,0,0,0,0,""
"1dcf8cb8-d0c6-4341-a714-b507748780ae","c548fbaa-424f-41e0-8293-864e3d530adf","def89156-47ec-42b2-9814-ab47819fe33d",7,0,0,0,0,0,0,0,""
"9b6809e9-ccca-4632-a4a7-7886875d3fee","c548fbaa-424f-41e0-8293-864e3d530adf","b6b5e8a5-95bd-495c-8af2-e481fa22d8f4",9,0,0,0,0,0,0,0,""
"17b6e12a-176a-45d4-928e-0c0083948bb4","c548fbaa-424f-41e0-8293-864e3d530adf","60449151-ce4f-42f4-a0da-6e3ce3fc8253",1,0,0,0,0,0,0,0,""
"39f0eb72-fe07-4a49-95da-3910d53894b7","c548fbaa-424f-41e0-8293-864e3d530adf","b6466032-b94f-42ef-a35b-6bfc334dc1d5",5,0,0,0,0,0,0,0,""
"0f99897a-ee56-47c3-8e6a-e6cea13836c6","c548fbaa-424f-41e0-8293-864e3d530adf","88d4a086-36ee-4724-80c6-1d89d576e875",1,0,0,0,0,0,0,0,""
"e3d0598d-27b8-41ad-aeaa-22044a1c8fe4","c548fbaa-424f-41e0-8293-864e3d530adf","60449151-ce4f-42f4-a0da-6e3ce3fc8253",5,0,0,0,0,0,0,0,""